"药品名称","适应症","用法用量","注意事项"
"布洛芬混悬液(美林)","用于儿童普通感冒或流行性感冒引起的发热。也用于缓解儿童轻至中度疼痛，如头痛、关节痛、偏头痛、牙痛、肌肉痛、神经痛。","1.成人一次15-20毫升,一日3-4次。
2.12岁以下小儿：
2-3岁　12-14公斤　1次3毫升　　若发热或疼痛不缓解,可每隔4&mdash;6小时重复用药一次,24小时不超过4次
4--6岁　16-20公斤　1次5毫升　　若发热或疼痛不缓解,可每隔4&mdash;6小时重复用药一次,24小时不超过4次
7--9岁　22-26公斤　1次8毫升　　若发热或疼痛不缓解,可每隔4&mdash;6小时重复用药一次,24小时不超过4次
10-12岁　28-32公斤　1次10毫升　　若发热或疼痛不缓解,可每隔4&mdash;6小时重复用药一次,24小时不超过4次","1.本品为对症治疗药，用于解热连续应用不得超过3天，用于止痛不得超过5天，症状未缓解请咨询医师或药师。 2.有下列情况患者应在医师指导下使用：支气管哮喘、肝肾功能不全、凝血机制或血小板功能障碍 （如血友病） 。 2.下列情况患者应在医师指导下使用：有消化性溃疡史、胃肠道出血、心功能不全、高血压。 3.1岁以下儿童应在医师指导下使用。 4.不能同时服用其他含有解热镇痛药的药品 （如某些复方抗感冒药） 。 5.如服用过量或出现严重不良反应，应立即就医。 6.对本品过敏者禁用，过敏体质者慎用。 7.本品性状发生"
"感冒灵颗粒(999)","解热镇痛。用于感冒引起的头痛，发热，鼻塞。流涕，咽痛等。","开水冲服。一次10克(1袋)，一日3次。","1.忌烟、酒及辛辣、生冷、油腻食物。 2.不宜在服药期间同时服用滋补性中成药。 3.本品含对乙酰氨基酚、马来酸氯苯那敏、咖啡因。服用本品期间不得饮酒或含有酒精的饮料；不能同时服用与本品成份相似的其他抗感冒药；肝、肾功能不全者慎用；膀胱颈梗阻、甲状腺功能亢进、青光眼、高血压和前列腺肥大者慎用；孕妇及哺乳期妇女慎用；服药期间不得驾驶机、车、船、从事高空作业、机械作业及操作精密仪器。 4.脾胃虚寒，症见腹痛、喜暖、泄泻者慎用。 5.糖尿病患者及有心脏病等慢性病严重者应在医师指导下服用。 6.儿童、年老体弱者应在"
"连花清瘟胶囊","清瘟解毒，宣肺泄热。用于治疗流行性感冒属热毒袭肺证，症见：发热或高热，恶寒，肌肉酸痛，鼻塞流涕，咳嗽，头痛，咽干咽痛，舌偏红，苔黄或黄腻等。","口服。一次4粒，一日3次。","1.忌烟、酒及辛辣、生冷、油腻食物。 2.不宜在服药期间同时服用滋补性中药。 3.风寒感冒者不适用。 4.高血压、心脏病患者慎用。有肝病、糖尿病、肾病等慢性病严重者应在医师指导下服用。 5.儿童、孕妇、哺乳期妇女、年老体弱及脾虚便溏者应在医师指导下服用。 6.发热体温超过38.5℃的患者，应去医院就诊。 7.严格按用法用量服用，本品不宜长期服用。 8.服药3天症状无缓解，应去医院就诊。 9.对本品过敏者禁用，过敏体质者慎用。 10.本品性状发生改变时禁止使用。 11.儿童必须在成人监护下使用。 12.请将"
"铝碳酸镁片(达喜) ","用于慢性胃炎和与胃酸有关的胃部不适症状，如胃痛；胃灼热感（烧心）；酸性嗳气；饱胀等。","除非另有医嘱，成人在饭后1-2小时，睡前或胃部不适时嚼服1-2片。  推荐服法：一次1-2片，一日3-4次，嚼服。  治疗胃和十二指肠溃疡时，一次2片，一日4次，嚼服。在症状缓解后，至少维持4周。","1.糖尿病和高血压病人，由于每片仅含有相当于0.0086碳水化合物（CE），以及极低量的钠，因此尤其适用于糖尿病和高血压病人。 2.急腹症患者应首先到医院就诊，在诊断明确后再决定是否服用本药。 3.严重心，肾功能不全者，高镁血症、高钙血症者慎用。 4.如服用过量或出现严重不良反应，请立即就医。 5.儿童用量请咨询医师或药师，必须在成人监护下使用。 6.当药物性状发生改变时禁止使用。 7.请将此药品放在儿童接触不到的地方。"
"胃乃安胶囊(白云山)","补气健脾，宁心安神，行气活血，消炎生肌，(胃及十二指肠溃疡)用于慢性胃炎。","口服。一次4粒，一日3次。","1忌食生冷油腻不易消化食物。2不适用于肝气郁滞，主要表现为急躁易怒，两胁作胀，嗳气。3不适用于脾胃阴虚，主要表现为口干、舌红少津、大便干。4服药期间不宜同时服用藜芦、五灵脂、皂荚或其制剂；不宜喝茶和吃萝卜，以免影响药效。5孕妇慎用。6按照用法用量服用，小儿、年老体弱者应在医师指导下服用。7对本品过敏者禁用，过敏体质者慎用。8本品性状发生改变时禁止使用。9儿童必须在成人监护下使用。10请将本品放在儿童不能接触的地方。11如正在使用其他药品，使用本品前请咨询医师或药师。"
